{"cameraMode":{"drawMode":0,"name":"Shaded","section":"Shading Mode"},"sceneLighting":true,"audioPlay":false,"sceneViewState":{"showFog":false,"showMaterialUpdate":false,"showSkybox":false,"showFlares":false,"showImageEffects":false,"showParticleSystems":false},"in2DMode":false,"pivot":{"x":17.569894790649415,"y":2.0156679153442385,"z":12.382230758666993},"rotation":{"x":0.19905254244804383,"y":-0.765673041343689,"z":0.2803606390953064,"w":0.5436188578605652},"size":34.367034912109378,"orthographic":false}