{"cameraMode":{"drawMode":0,"name":"Shaded","section":"Shading Mode"},"sceneLighting":false,"audioPlay":false,"sceneViewState":{"showFog":false,"showMaterialUpdate":false,"showSkybox":false,"showFlares":false,"showImageEffects":false,"showParticleSystems":false},"in2DMode":false,"pivot":{"x":-15.874122619628907,"y":-2.502117156982422,"z":31.401296615600587},"rotation":{"x":-0.00039040541741997004,"y":-0.9976499080657959,"z":0.06834376603364945,"w":-0.005689151585102081},"size":24.189655303955079,"orthographic":false}