{"cameraMode":{"drawMode":0,"name":"Shaded","section":"Shading Mode"},"sceneLighting":true,"audioPlay":false,"sceneViewState":{"showFog":false,"showMaterialUpdate":false,"showSkybox":false,"showFlares":false,"showImageEffects":false,"showParticleSystems":false},"in2DMode":false,"pivot":{"x":22.14999771118164,"y":3.752643585205078,"z":12.9453125},"rotation":{"x":-0.04364493861794472,"y":-0.9561170935630798,"z":0.19362525641918183,"w":-0.21552178263664246},"size":10.668656349182129,"orthographic":false}