{"cameraMode":{"drawMode":0,"name":"Shaded","section":"Shading Mode"},"sceneLighting":false,"audioPlay":false,"sceneViewState":{"showFog":false,"showMaterialUpdate":false,"showSkybox":false,"showFlares":false,"showImageEffects":false,"showParticleSystems":false},"in2DMode":false,"pivot":{"x":24.993398666381837,"y":-2.7300000190734865,"z":30.414100646972658},"rotation":{"x":-0.13976794481277467,"y":-0.7644274830818176,"z":0.17688903212547303,"w":-0.6040094494819641},"size":5.257884502410889,"orthographic":false}